,left,pron,right,candidates,selected,predicted,correct_sent,correct,number of shots,shot,input_prompt
0,The city councilmen refused the demonstrators a permit because,they,feared violence.,"The city councilmen,The demonstrators",0,the city councilmen feared violence,the city councilmen feared violence,True,3,3,
1,The city councilmen refused the demonstrators a permit because,they,advocated violence.,"The city councilmen,The demonstrators",1,the demonstrators advocated violence,the demonstrators advocated violence,True,3,3,
2,The trophy doesn't fit into the brown suitcase because,it,is too large.,"the trophy,the suitcase",0,the trophy is too large,the trophy is too large,True,3,3,
3,The trophy doesn't fit into the brown suitcase because,it,is too small.,"the trophy,the suitcase",1,the suitcase is too small,the suitcase is too small,True,3,3,
4,Joan made sure to thank Susan for all the help,she,had recieved.,"Joan,Susan",0,joan had recieved,joan had recieved,True,3,3,
5,Joan made sure to thank Susan for all the help,she,had given.,"Joan,Susan",1,susan had given,susan had given,True,3,3,
6,"Paul tried to call George on the phone, but",he,wasn't successful.,"Paul,George",0,paul wasnt successful,paul wasnt successful,True,3,3,
7,"Paul tried to call George on the phone, but",he,wasn't available.,"Paul,George",1,george wasnt available,george wasnt available,True,3,3,
8,"The lawyer asked the witness a question, but",he,was reluctant to repeat it.,"the lawyer,the witness",0,the witness was reluctant to repeat it,the lawyer was reluctant to repeat it,False,3,3,
9,"The lawyer asked the witness a question, but",he,was reluctant to answer it.,"the lawyer,the witness",1,the witness was reluctant to answer it,the witness was reluctant to answer it,True,3,3,
10,The delivery truck zoomed by the school bus because,it,was going so fast.,"the delivery truck,the school bus",0,the delivery truck was going so fast,the delivery truck was going so fast,True,3,3,
11,The delivery truck zoomed by the school bus because,it,was going so slow.,"the delivery truck,the school bus",1,the school bus was going so slow,the school bus was going so slow,True,3,3,
12,Frank felt vindicated when his longtime rival Bill revealed that,he,was the winner of the competition.,"Frank,Bill",0,frank was the winner of the competition,frank was the winner of the competition,True,3,3,
13,Frank felt crushed when his longtime rival Bill revealed that,he,was the winner of the competition.,"Frank,Bill",1,bill was the winner of the competition,bill was the winner of the competition,True,3,3,
14,The man couldn't lift his son because,he,was so weak.,"The man,The son",0,the man was so weak,the man was so weak,True,3,3,
15,The man couldn't lift his son because,he,was so heavy.,"The man,The son",1,the son was so heavy,the son was so heavy,True,3,3,
16,The large ball crashed right through the table because,it,was made of steel.,"The large ball,The table",0,the large ball was made of steel,the large ball was made of steel,True,3,3,
17,The large ball crashed right through the table because,it,was made of styrofoam.,"The large ball,The table",1,the large ball was made of styrofoam,the table was made of styrofoam,False,3,3,
18,John couldn't see the stage with Billy in front of him because,he,is so short.,"John,Billy",0,billy is so short,john is so short,False,3,3,
19,John couldn't see the stage with Billy in front of him because,he,is so tall.,"John,Billy",1,billy is so tall,billy is so tall,True,3,3,
20,Tom threw his schoolbag down to Ray after,he,reached the top of the stairs.,"Tom,Ray",0,tom reached the top of the stairs,tom reached the top of the stairs,True,3,3,
21,Tom threw his schoolbag down to Ray after,he,reached the bottom of the stairs.,"Tom,Ray",1,ray reached the bottom of the stairs,ray reached the bottom of the stairs,True,3,3,
22,"Although they ran at about the same speed, Sue beat Sally because",she,had such a good start.,"Sue,Sally",0,sue had such a good start,sue had such a good start,True,3,3,
23,"Although they ran at about the same speed, Sue beat Sally because",she,had such a bad start.,"Sue,Sally",1,sue had such a bad start,sally had such a bad start,False,3,3,
24,The sculpture rolled off the shelf because,it,wasn't anchored.,"The sculpture,The shelf",0,the sculpture wasnt anchored,the sculpture wasnt anchored,True,3,3,
25,The sculpture rolled off the shelf because,it,wasn't level.,"The sculpture,The shelf",1,the sculpture wasnt level,the shelf wasnt level,False,3,3,
26,Sam's drawing was hung just above Tina's and,it,did look much better with another one below it.,"Sam's drawing,Tina's drawing",0,sams drawing did look much better with another one below it,sams drawing did look much better with another one below it,True,3,3,
27,Sam's drawing was hung just above Tina's and,it,did look much better with another one above it.,"Sam's drawing,Tina's drawing",1,sams drawing did look much better with another one above it,tinas drawing did look much better with another one above it,False,3,3,
28,Anna did a lot better than her good friend Lucy on the test because,she,had studied so hard.,"Anna,Lucy",0,anna had studied so hard,anna had studied so hard,True,3,3,
29,Anna did a lot worse than her good friend Lucy on the test because,she,had studied so hard.,"Anna,Lucy",1,anna had studied so hard,lucy had studied so hard,False,3,3,
30,The firemen arrived after the police because,they,were coming from so far away.,"The firemen,The police",0,the firemen were coming from so far away,the firemen were coming from so far away,True,3,3,
31,The firemen arrived before the police because,they,were coming from so far away.,"The firemen,The police",1,the firemen were coming from so far away,the police were coming from so far away,False,3,3,
32,Frank was upset with Tom because the toaster,he,had bought from him didn't work.,"Frank,Tom",0,frank had bought from him didnt work,frank had bought from him didnt work,True,3,3,
33,Frank was upset with Tom because the toaster,he,had sold him didn't work.,"Frank,Tom",1,tom had sold him didnt work,tom had sold him didnt work,True,3,3,
34,Jim yelled at Kevin because,he,was so upset.,"Jim,Kevin",0,jim was so upset,jim was so upset,True,3,3,
35,Jim comforted Kevin because,he,was so upset.,"Jim,Kevin",1,kevin was so upset,kevin was so upset,True,3,3,
36,"The sack of potatoes had been placed above the bag of flour, so",it,had to be moved first.,"The sack of potatoes,The bag of flour",0,the bag of flour had to be moved first,the sack of potatoes had to be moved first,False,3,3,
37,"The sack of potatoes had been placed below the bag of flour, so",it,had to be moved first.,"The sack of potatoes,The bag of flour",1,the bag of flour had to be moved first,the bag of flour had to be moved first,True,3,3,
38,Pete envies Martin although,he,is very successful.,"Pete,Martin",0,martin is very successful,pete is very successful,False,3,3,
39,Pete envies Martin because,he,is very successful.,"Pete,Martin",1,martin is very successful,martin is very successful,True,3,3,
40,"The older students were bullying the younger ones, so we punished",them,.,"The older students,The younger students",0,the older students,the older students,True,3,3,
41,"The older students were bullying the younger ones, so we rescued",them,.,"The older students,The younger students",1,the younger students,the younger students,True,3,3,
42,I poured water from the bottle into the cup until,it,was empty.,"the bottle,the cup",0,the cup was empty,the bottle was empty,False,3,3,
43,I poured water from the bottle into the cup until,it,was full.,"the bottle,the cup",1,the cup was full,the cup was full,True,3,3,
44,Susan knows all about Ann's personal problems because,she,is nosy.,"Susan,Ann",0,susan is nosy,susan is nosy,True,3,3,
45,Susan knows all about Ann's personal problems because,she,is indiscreet.,"Susan,Ann",1,susan is indiscreet,ann is indiscreet,False,3,3,
46,Sid explained his theory to Mark but,he,couldn't convince him.,"Sid,Mark",0,sid couldnt convince him,sid couldnt convince him,True,3,3,
47,Sid explained his theory to Mark but,he,couldn't understand him.,"Sid,Mark",1,mark couldnt understand him,mark couldnt understand him,True,3,3,
48,"Susan knew that Ann's son had been in a car accident, so",she,told her about it.,"Susan,Ann",0,susan told her about it,susan told her about it,True,3,3,
49,"Susan knew that Ann's son had been in a car accident, because",she,told her about it.,"Susan,Ann",1,ann told her about it,ann told her about it,True,3,3,
50,"Joe's uncle can still beat him at tennis, even though",he,is 30 years younger.,"Joe,Joe's uncle",0,joes uncle is 30 years younger,joe is 30 years younger,False,3,3,
51,"Joe's uncle can still beat him at tennis, even though",he,is 30 years older.,"Joe,Joe's uncle",1,joes uncle is 30 years older,joes uncle is 30 years older,True,3,3,
52,The painting in Mark's living room shows an oak tree.,It,is to the right of the bookcase.,"The painting,The oak tree",0,the painting is to the right of the bookcase,the painting is to the right of the bookcase,True,3,3,
53,The painting in Mark's living room shows an oak tree.,It,is to the right of a house.,"The painting,The oak tree",1,the oak tree is to the right of a house,the oak tree is to the right of a house,True,3,3,
54,There is a gap in the wall. You can see the garden through,it,.,"The gap,The wall",0,the gap,the gap,True,3,3,
55,There is a gap in the wall. You can see the garden behind,it,.,"The gap,The wall",1,the gap,the wall,False,3,3,
56,The drain is clogged with hair.,It,has to be cleaned.,"The drain,The hair",0,the drain has to be cleaned,the drain has to be cleaned,True,3,3,
57,The drain is clogged with hair.,It,has to be removed.,"The drain,The hair",1,the hair has to be removed,the hair has to be removed,True,3,3,
58,"My meeting started at 4:00 and I needed to catch the train at 4:30,  so there wasn't much time. Luckily,",it,"was short, so it worked out.","The meeting,The train",0,the meeting was short so it worked out,the meeting was short so it worked out,True,3,3,
59,"My meeting started at 4:00 and I needed to catch the train at 4:30,  so there wasn't much time. Luckily,",it,"was delayed, so it worked out.","The meeting,The train",1,the train was delayed so it worked out,the train was delayed so it worked out,True,3,3,
60,"There is a pillar between me and the stage, and I can't see around",it,.,"The pillar,The stage",0,the pillar,the pillar,True,3,3,
61,"There is a pillar between me and the stage, and I can't see",it,.,"The pillar,The stage",1,the stage,the stage,True,3,3,
62,"They broadcast an announcement, but a subway came into the station and I couldn't hear",it,.,"The announcement,The subway",0,the announcement,the announcement,True,3,3,
63,"They broadcast an announcement, but a subway came into the station and I couldn't hear over",it,.,"The announcement,The subway",1,the subway,the subway,True,3,3,
64,"In the middle of the outdoor concert, the rain started falling, but",it,continued until 10.,"The concert,The rain",0,the rain continued until 10,the concert continued until 10,False,3,3,
65,"In the middle of the outdoor concert, the rain started falling, and",it,continued until 10.,"The concert,The rain",1,the rain continued until 10,the rain continued until 10,True,3,3,
66,"I used an old rag to clean the knife, and then I put",it,in the trash.,"The rag,The knife",0,the rag in the trash,the rag in the trash,True,3,3,
67,"I used an old rag to clean the knife, and then I put",it,in the drawer.,"The rag,The knife",1,the knife in the drawer,the knife in the drawer,True,3,3,
68,"Ann asked Mary what time the library closes, because",she,had forgotten.,"Ann,Mary",0,ann had forgotten,ann had forgotten,True,3,3,
69,"Ann asked Mary what time the library closes, but",she,had forgotten.,"Ann,Mary",1,mary had forgotten,mary had forgotten,True,3,3,
70,I took the water bottle out of the backpack so that,it,would be handy.,"The water bottle,The backpack",0,the water bottle would be handy,the water bottle would be handy,True,3,3,
71,I took the water bottle out of the backpack so that,it,would be lighter.,"The water bottle,The backpack",1,the backpack would be lighter,the backpack would be lighter,True,3,3,
72,I couldn't put the pot on the shelf because,it,was too tall.,"The pot,The shelf",0,the shelf was too tall,the pot was too tall,False,3,3,
73,I couldn't put the pot on the shelf because,it,was too high.,"The pot,The shelf",1,the pot was too high,the shelf was too high,False,3,3,
74,I'm sure that my map will show this building;,it,is very good.,"The map,The building",0,the map is very good,the map is very good,True,3,3,
75,I'm sure that my map will show this building;,it,is very famous.,"The map,The building",1,the map is very famous,the building is very famous,False,3,3,
76,Bob paid for Charlie's college education.,He,is very generous.,"Bob,Charlie",0,bob is very generous,bob is very generous,True,3,3,
77,Bob paid for Charlie's college education.,He,is very grateful.,"Bob,Charlie",1,charlie is very grateful,charlie is very grateful,True,3,3,
78,"Bob paid for Charlie's college education, but now Charlie acts as though it never happened.",He,is very hurt.,"Bob,Charlie",0,bob is very hurt,bob is very hurt,True,3,3,
79,"Bob paid for Charlie's college education, but now Charlie acts as though it never happened.",He,is very ungrateful.,"Bob,Charlie",1,charlie is very ungrateful,charlie is very ungrateful,True,3,3,
80,"Bob was playing cards with Adam and was way ahead. If Adam hadn't had a sudden run of good luck,",he,would have won.,"Bob,Adam",0,bob would have won,bob would have won,True,3,3,
81,"Bob was playing cards with Adam and was way ahead. If Adam hadn't had a sudden run of good luck,",he,would have lost.,"Bob,Adam",1,adam would have lost,adam would have lost,True,3,3,
82,"Adam can't leave work here until Bob arrives to replace him. If Bob had  left home for work on time,",he,would be gone by this time.,"Adam,Bob",0,adam would be gone by this time,adam would be gone by this time,True,3,3,
83,"Adam can't leave work here until Bob arrives to replace him. If Bob had  left home for work on time,",he,would be here by this time.,"Adam,Bob",1,bob would be here by this time,bob would be here by this time,True,3,3,
84,"If the con artist has succeeded in fooling Sam,",he,would have gotten a lot of money.,"The con artist,Sam",0,sam would have gotten a lot of money,the con artist would have gotten a lot of money,False,3,3,
85,"If the con artist has succeeded in fooling Sam,",he,would have lost a lot of money.,"The con artist,Sam",1,sam would have lost a lot of money,sam would have lost a lot of money,True,3,3,
86,"It was a summer afternoon, and the dog was sitting in the middle of the lawn. After a while, it got up and moved to a spot under the tree,  because",it,was hot.,"The dog,The spot under the tree",0,the dog was hot,the dog was hot,True,3,3,
87,"It was a summer afternoon, and the dog was sitting in the middle of the lawn. After a while, it got up and moved to a spot under the tree,  because",it,was cooler.,"The dog,The spot under the tree",1,the spot under the tree was cooler,the spot under the tree was cooler,True,3,3,
88,"The cat was lying by the mouse hole waiting for the mouse, but",it,was too impatient.,"The cat,The mouse",0,the cat was too impatient,the cat was too impatient,True,3,3,
89,"The cat was lying by the mouse hole waiting for the mouse, but",it,was too cautious.,"The cat,The mouse",1,the mouse was too cautious,the mouse was too cautious,True,3,3,
90,Anne gave birth to a daughter last month.,She,is a very charming woman.,"Anne,Anne's daughter",0,anne is a very charming woman,anne is a very charming woman,True,3,3,
91,Anne gave birth to a daughter last month.,She,is a very charming baby.,"Anne,Anne's daughter",1,annes daughter is a very charming baby,annes daughter is a very charming baby,True,3,3,
92,"Alice tried frantically to stop her daughter from chatting at the party, leaving us to wonder why",she,was behaving so strangely.,"Alice,Alice's daughter",0,alices daughter was behaving so strangely,alice was behaving so strangely,False,3,3,
93,"Alice tried frantically to stop her daughter from barking at the party, leaving us to wonder why",she,was behaving so strangely.,"Alice,Alice's daughter",1,alices daughter was behaving so strangely,alices daughter was behaving so strangely,True,3,3,
94,I saw Jim yelling at some guy in a military uniform with a huge red  beard. I don't know why,he,"was, but he looked very unhappy.","Jim,the guy in uniform",0,jim was but he looked very unhappy,jim was but he looked very unhappy,True,3,3,
95,I saw Jim yelling at some guy in a military uniform with a huge red  beard. I don't know who,he,"was, but he looked very unhappy.","Jim,the guy in uniform",1,the guy in uniform was but he looked very unhappy,the guy in uniform was but he looked very unhappy,True,3,3,
96,The fish ate the worm.,It,was hungry.,"The fish,The worm",0,the fish was hungry,the fish was hungry,True,3,3,
97,The fish ate the worm.,It,was tasty.,"The fish,The worm",1,the worm was tasty,the worm was tasty,True,3,3,
98,"I was trying to open the lock with the key, but someone had filled the  keyhole with chewing gum, and I couldn't get",it,in.,"The key,The chewing gum",0,the key in,the key in,True,3,3,
99,"I was trying to open the lock with the key, but someone had filled the  keyhole with chewing gum, and I couldn't get",it,out.,"The key,The chewing gum",1,the key out,the chewing gum out,False,3,3,
100,"The dog chased the cat, which ran up a tree.",It,waited at the bottom.,"The dog,The cat",0,the dog waited at the bottom,the dog waited at the bottom,True,3,3,
101,"The dog chased the cat, which ran up a tree.",It,waited at the top.,"The dog,The cat",1,the cat waited at the top,the cat waited at the top,True,3,3,
102,"In the storm, the tree fell down and crashed through the roof of my  house. Now, I have to get",it,removed.,"The tree,The roof",0,the tree removed,the tree removed,True,3,3,
103,"In the storm, the tree fell down and crashed through the roof of my  house. Now, I have to get",it,repaired.,"The tree,The roof",1,the roof repaired,the roof repaired,True,3,3,
104,The customer walked into the bank and stabbed one of the tellers.,He,was immediately taken to the police station.,"The customer,The teller",0,the customer was immediately taken to the police station,the customer was immediately taken to the police station,True,3,3,
105,The customer walked into the bank and stabbed one of the tellers.,He,was immediately taken to the hospital.,"The customer,The teller",1,the teller was immediately taken to the hospital,the teller was immediately taken to the hospital,True,3,3,
106,John was doing research in the library when he heard a man humming and  whistling.,He,was very annoyed.,"John,The man",0,john was very annoyed,john was very annoyed,True,3,3,
107,John was doing research in the library when he heard a man humming and  whistling.,He,was very annoying.,"John,The man",1,the man was very annoying,the man was very annoying,True,3,3,
108,John was jogging through the park when he saw a man juggling watermelons.,He,was very impressed.,"John,The juggler",0,john was very impressed,john was very impressed,True,3,3,
109,John was jogging through the park when he saw a man juggling watermelons.,He,was very impressive.,"John,The juggler",1,the juggler was very impressive,the juggler was very impressive,True,3,3,
110,Bob collapsed on the sidewalk. Soon he saw Carl coming to help.,He,was very ill.,"Bob,Carl",0,bob was very ill,bob was very ill,True,3,3,
111,Bob collapsed on the sidewalk. Soon he saw Carl coming to help.,He,was very concerned.,"Bob,Carl",1,carl was very concerned,carl was very concerned,True,3,3,
112,"Sam and Amy are passionately in love, but Amy's parents are unhappy about it, because",they,are fifteen.,"Sam and Amy,Amy's parents",0,sam and amy are fifteen,sam and amy are fifteen,True,3,3,
113,"Sam and Amy are passionately in love, but Amy's parents are unhappy about it, because",they,are snobs.,"Sam and Amy,Amy's parents",1,amys parents are snobs,amys parents are snobs,True,3,3,
114,"Mark told Pete many lies about himself, which Pete included in his book.",He,should have been more  truthful.,"Mark,Pete",0,mark should have been more truthful,mark should have been more  truthful,False,3,3,
115,"Mark told Pete many lies about himself, which Pete included in his book.",He,should have been more  skeptical.,"Mark,Pete",1,pete should have been more  skeptical,pete should have been more  skeptical,True,3,3,
116,Joe has sold his house and bought a new one a few miles away. He will be moving out of,it,on Thursday.,"The old house,The new house",0,the old house on thursday,the old house on thursday,True,3,3,
117,Joe has sold his house and bought a new one a few miles away. He will be moving into,it,on Thursday.,"The old house,The new house",1,the new house on thursday,the new house on thursday,True,3,3,
118,Many people start to read Paul's books and can't put them down.,They,are gripped because Paul writes so well.,"People,Paul's books",0,people are gripped because paul writes so well,people are gripped because paul writes so well,True,3,3,
119,Many people start to read Paul's books and can't put them down.,They,are popular because Paul writes so well.,"People,Paul's books",1,pauls books are popular because paul writes so well,pauls books are popular because paul writes so well,True,3,3,
120,Mary took out her flute and played one of her favorite pieces. She has had,it,since she was a child.,"The flute,The piece",0,the flute since she was a child,the flute since she was a child,True,3,3,
121,Mary took out her flute and played one of her favorite pieces. She has loved,it,since she was a child.,"The flute,The piece",1,the flute since she was a child,the piece since she was a child,False,3,3,
122,"Sam pulled up a chair to the piano, but",it,"was broken, so he had to stand instead.","The chair,The piano",0,the chair was broken so he had to stand instead,the chair was broken so he had to stand instead,True,3,3,
123,"Sam pulled up a chair to the piano, but",it,"was broken, so he had to sing instead.","The chair,The piano",1,the chair was broken so he had to sing instead,the piano was broken so he had to sing instead,False,3,3,
124,"Since it was raining, I carried the newspaper in my backpack to keep",it,dry.,"The newspaper,The backpack",0,the newspaper dry,the newspaper dry,True,3,3,
125,"Since it was raining, I carried the newspaper over my backpack to keep",it,dry.,"The newspaper,The backpack",1,the newspaper dry,the backpack dry,False,3,3,
126,Sara borrowed the book from the library because she needs it for an article she is working on. She reads,it,when she gets home from work.,"The book,The article",0,the book when she gets home from work,the book when she gets home from work,True,3,3,
127,Sara borrowed the book from the library because she needs it for an article she is working on. She writes,it,when she gets home from work.,"The book,The article",1,the article when she gets home from work,the article when she gets home from work,True,3,3,
128,"This morning, Joey built a sand castle on the beach, and put a toy  flag in the highest tower, but this afternoon the tide  knocked",it,down.,"The sand castle,The flag",0,the sand castle down,the sand castle down,True,3,3,
129,"This morning, Joey built a sand castle on the beach, and put a toy  flag in the highest tower, but this afternoon the wind  knocked",it,down.,"The sand castle,The flag",1,the flag down,the flag down,True,3,3,
130,"Jane knocked on Susan's door, but there was no answer.",She,was disappointed.,"Jane,Susan",0,jane was disappointed,jane was disappointed,True,3,3,
131,"Jane knocked on Susan's door, but there was no answer.",She,was out.,"Jane,Susan",1,susan was out,susan was out,True,3,3,
132,"Jane knocked on the door, and Susan answered it.",She,invited her to come out.,"Jane,Susan",0,jane invited her to come out,jane invited her to come out,True,3,3,
133,"Jane knocked on the door, and Susan answered it.",She,invited her to come in.,"Jane,Susan",1,jane invited her to come in,susan invited her to come in,False,3,3,
134,"Sam took French classes from Adam, because",he,was eager to speak it fluently.,"Sam,Adam",0,sam was eager to speak it fluently,sam was eager to speak it fluently,True,3,3,
135,"Sam took French classes from Adam, because",he,was known to speak it fluently.,"Sam,Adam",1,sam was known to speak it fluently,adam was known to speak it fluently,False,3,3,
136,"The path to the lake was blocked, so we couldn't use",it,.,"The path,The lake",0,the path,the path,True,3,3,
137,"The path to the lake was blocked, so we couldn't reach",it,.,"The path,The lake",1,the lake,the lake,True,3,3,
138,"The sun was covered by a thick cloud all morning, but luckily, by the time the picnic started,",it,was out.,"The sun,The cloud",0,the sun was out,the sun was out,True,3,3,
139,"The sun was covered by a thick cloud all morning, but luckily, by the time the picnic started,",it,was gone.,"The sun,The cloud",1,the cloud was gone,the cloud was gone,True,3,3,
140,"We went to the lake, because a shark had been seen at the ocean beach, so",it,was a safer place to swim.,"The lake,The ocean beach",0,the lake was a safer place to swim,the lake was a safer place to swim,True,3,3,
141,"We went to the lake, because a shark had been seen at the ocean beach, so",it,was a dangerous place to swim.,"The lake,The ocean beach",1,the ocean beach was a dangerous place to swim,the ocean beach was a dangerous place to swim,True,3,3,
142,"Sam tried to paint a picture of shepherds with sheep, but",they,ended up looking more like golfers.,"The shepherds,The sheep",0,the shepherds ended up looking more like golfers,the shepherds ended up looking more like golfers,True,3,3,
143,"Sam tried to paint a picture of shepherds with sheep, but",they,ended up looking more like dogs.,"The shepherds,The sheep",1,the sheep ended up looking more like dogs,the sheep ended up looking more like dogs,True,3,3,
144,"Mary tucked her daughter Anne into bed, so that",she,could work.,"Mary,Mary's daughter",0,mary could work,mary could work,True,3,3,
145,"Mary tucked her daughter Anne into bed, so that",she,could sleep.,"Mary,Mary's daughter",1,marys daughter could sleep,marys daughter could sleep,True,3,3,
146,"Fred and Alice had very warm down coats, but",they,were not prepared for the cold in Alaska.,"Fred and Alice,coats",0,fred and alice were not prepared for the cold in alaska,fred and alice were not prepared for the cold in alaska,True,3,3,
147,"Fred and Alice had very warm down coats, but",they,were not enough for the cold in Alaska.,"Fred and Alice,coats",1,coats were not enough for the cold in alaska,coats were not enough for the cold in alaska,True,3,3,
148,Thomson visited Cooper's grave in 1765. At that date,he,had been travelling for five years.,"Thomson,Cooper",0,thomson had been travelling for five years,thomson had been travelling for five years,True,3,3,
149,Thomson visited Cooper's grave in 1765. At that date,he,had been dead for five years.,"Thomson,Cooper",1,cooper had been dead for five years,cooper had been dead for five years,True,3,3,
150,"Jackson was greatly influenced by Arnold, though",he,lived two centuries later.,"Jackson,Arnold",0,arnold lived two centuries later,jackson lived two centuries later,False,3,3,
151,"Jackson was greatly influenced by Arnold, though",he,lived two centuries earlier.,"Jackson,Arnold",1,arnold lived two centuries earlier,arnold lived two centuries earlier,True,3,3,
152,I can't cut that tree down with that axe;,it,is too thick.,"The tree,The axe",0,the tree is too thick,the tree is too thick,True,3,3,
153,I can't cut that tree down with that axe;,it,is too small.,"The tree,The axe",1,the axe is too small,the axe is too small,True,3,3,
154,The foxes are getting in at night and attacking the chickens. I shall have to kill,them,.,"The foxes,The chickens",0,the foxes,the foxes,True,3,3,
155,The foxes are getting in at night and attacking the chickens. I shall have to guard,them,.,"The foxes,The chickens",1,the chickens,the chickens,True,3,3,
156,The foxes are getting in at night and attacking the chickens.,They,have gotten very bold.,"The foxes,The chickens",0,the foxes have gotten very bold,the foxes have gotten very bold,True,3,3,
157,The foxes are getting in at night and attacking the chickens.,They,have gotten very nervous.,"The foxes,The chickens",1,the chickens have gotten very nervous,the chickens have gotten very nervous,True,3,3,
158,"Fred covered his eyes with his hands, because the wind was blowing sand around. He opened",them,when the wind stopped.,"His eyes,His hands",0,his eyes when the wind stopped,his eyes when the wind stopped,True,3,3,
159,"Fred covered his eyes with his hands, because the wind was blowing sand around. He lowered",them,when the wind stopped.,"His eyes,His hands",1,his hands when the wind stopped,his hands when the wind stopped,True,3,3,
160,"The actress used to be named Terpsichore, but she changed it to Tina a  few years ago, because she figured",it,was too hard to pronounce.,"Terpsichore,Tina",0,terpsichore was too hard to pronounce,terpsichore was too hard to pronounce,True,3,3,
161,"The actress used to be named Terpsichore, but she changed it to Tina a  few years ago, because she figured",it,was easier to pronounce.,"Terpsichore,Tina",1,tina was easier to pronounce,tina was easier to pronounce,True,3,3,
162,Fred watched TV while George went out to buy groceries. After an hour,he,got up.,"Fred,George",0,george got up,fred got up,False,3,3,
163,Fred watched TV while George went out to buy groceries. After an hour,he,got back.,"Fred,George",1,george got back,george got back,True,3,3,
164,"Fred was supposed to run the dishwasher, but he put it off,  because he wanted to watch TV. But the show turned out to be boring, so he changed his mind and turned",it,on.,"The dishwasher,The TV",0,the dishwasher on,the dishwasher on,True,3,3,
165,"Fred was supposed to run the dishwasher, but he put it off,  because he wanted to watch TV. But the show turned out to be boring, so he changed his mind and turned",it,off.,"The dishwasher,The TV",1,the tv off,the tv off,True,3,3,
166,Fred is the only man still alive who remembers my great-grandfather.,He,is a remarkable man.,"Fred,My great-grandfather",0,fred is a remarkable man,fred is a remarkable man,True,3,3,
167,Fred is the only man still alive who remembers my great-grandfather.,He,was a remarkable man.,"Fred,My great-grandfather",1,my greatgrandfather was a remarkable man,my greatgrandfather was a remarkable man,True,3,3,
168,"Fred is the only man alive who still remembers my father as an infant. When Fred first saw my father,",he,was twelve years old.,"Fred,My father",0,my father was twelve years old,fred was twelve years old,False,3,3,
169,"Fred is the only man alive who still remembers my father as an infant. When Fred first saw my father,",he,was twelve months old.,"Fred,My father",1,my father was twelve months old,my father was twelve months old,True,3,3,
170,"In July, Kamchatka declared war on Yakutsk. Since Yakutsk's army was much  better equipped and ten times larger,",they,were defeated within weeks.,"Kamchatka,Yakutsk",0,kamchatka were defeated within weeks,kamchatka were defeated within weeks,True,3,3,
171,"In July, Kamchatka declared war on Yakutsk. Since Yakutsk's army was much  better equipped and ten times larger,",they,were victorious within weeks.,"Kamchatka,Yakutsk",1,yakutsk were victorious within weeks,yakutsk were victorious within weeks,True,3,3,
172,Look! There is a minnow swimming right below that duck!,It,had better get away to safety fast!,"The minnow,The duck",0,the minnow had better get away to safety fast,the minnow had better get away to safety fast,True,3,3,
173,Look! There is a shark swimming right below that duck!,It,had better get away to safety fast!,"The shark,The duck",1,the duck had better get away to safety fast,the duck had better get away to safety fast,True,3,3,
174,"Archaeologists have concluded that humans lived in Laputa 20,000 years ago.",They,hunted for evidence on the river banks.,"Archaeologists,Prehistoric humans",0,archaeologists hunted for evidence on the river banks,archaeologists hunted for evidence on the river banks,True,3,3,
175,"Archaeologists have concluded that humans lived in Laputa 20,000 years ago.",They,hunted for deer on the river banks.,"Archaeologists,Prehistoric humans",1,prehistoric humans hunted for deer on the river banks,prehistoric humans hunted for deer on the river banks,True,3,3,
176,The scientists are studying three species of fish that have recently been found living in the Indian Ocean.,They,began two years ago.,"The scientists,The fish",0,the scientists began two years ago,the scientists began two years ago,True,3,3,
177,The scientists are studying three species of fish that have recently been found living in the Indian Ocean.,They,appeared two years ago.,"The scientists,The fish",1,the fish appeared two years ago,the fish appeared two years ago,True,3,3,
178,The journalists interviewed the stars of the new movie.,They,"were very persistent, so the interview lasted for a long time.","The journalists,The stars",0,the journalists were very persistent so the interview lasted for a long time,the journalists were very persistent so the interview lasted for a long time,True,3,3,
179,The journalists interviewed the stars of the new movie.,They,"were very cooperative, so the interview lasted for a long time.","The journalists,The stars",1,the stars were very cooperative so the interview lasted for a long time,the stars were very cooperative so the interview lasted for a long time,True,3,3,
180,The police arrested all of the gang members.,They,were trying to stop the drug trade in the neighborhood.,"The police,The gang members",0,the police were trying to stop the drug trade in the neighborhood,the police were trying to stop the drug trade in the neighborhood,True,3,3,
181,The police arrested all of the gang members.,They,were trying to run the drug trade in the neighborhood.,"The police,The gang members",1,the gang members were trying to run the drug trade in the neighborhood,the gang members were trying to run the drug trade in the neighborhood,True,3,3,
182,I put the cake away in the refrigerator.,It,has a lot of butter in it.,"The cake,The refrigerator",0,the cake has a lot of butter in it,the cake has a lot of butter in it,True,3,3,
183,I put the cake away in the refrigerator.,It,has a lot of leftovers in it.,"The cake,The refrigerator",1,the cake has a lot of leftovers in it,the refrigerator has a lot of leftovers in it,False,3,3,
184,Sam broke both his ankles and he's walking with crutches. But a month or so from now,they,should be better.,"The ankles,The crutches",0,the ankles should be better,the ankles should be better,True,3,3,
185,Sam broke both his ankles and he's walking with crutches. But a month or so from now,they,should be unnecessary.,"The ankles,The crutches",1,the crutches should be unnecessary,the crutches should be unnecessary,True,3,3,
186,"When the sponsors of the bill got to the town hall, they were surprised to find that the room was full of opponents.",They,were very much in the minority.,"The sponsors,The opponents",0,the sponsors were very much in the minority,the sponsors were very much in the minority,True,3,3,
187,"When the sponsors of the bill got to the town hall, they were surprised to find that the room was full of opponents.",They,were very much in the majority.,"The sponsors,The opponents",1,the opponents were very much in the majority,the opponents were very much in the majority,True,3,3,
188,"Everyone really loved the oatmeal cookies; only a few people liked the  chocolate chip cookies. Next time, we should make more of",them,.,"The oatmeal cookies,The chocolate chip cookies",0,the oatmeal cookies,the oatmeal cookies,True,3,3,
189,"Everyone really loved the oatmeal cookies; only a few people liked the  chocolate chip cookies. Next time, we should make fewer of",them,.,"The oatmeal cookies,The chocolate chip cookies",1,the chocolate chip cookies,the chocolate chip cookies,True,3,3,
190,"We had hoped to place copies of our newsletter on all the chairs in the auditorium, but there were simply not enough of",them,.,"copies of the newsletter,chairs",0,chairs,copies of the newsletter,False,3,3,
191,"We had hoped to place copies of our newsletter on all the chairs in the auditorium, but there were simply too many of",them,.,"copies of the newsletter,chairs",1,chairs,chairs,True,3,3,
192,"I stuck a pin through a carrot. When I pulled the pin out,",it,left a hole.,"The pin,The carrot",0,the pin left a hole,the pin left a hole,True,3,3,
193,"I stuck a pin through a carrot. When I pulled the pin out,",it,had a hole.,"The pin,The carrot",1,the carrot had a hole,the carrot had a hole,True,3,3,
194,"I couldn't find a spoon, so I tried using a pen to stir my  coffee. But that turned out to be a bad idea, because",it,got full of coffee.,"The pen,The coffee",0,the pen got full of coffee,the pen got full of coffee,True,3,3,
195,"I couldn't find a spoon, so I tried using a pen to stir my  coffee. But that turned out to be a bad idea, because",it,got full of ink.,"The pen,The coffee",1,the pen got full of ink,the coffee got full of ink,False,3,3,
196,Steve follows Fred's example in everything.,He,admires him hugely.,"Steve,Fred",0,steve admires him hugely,steve admires him hugely,True,3,3,
197,Steve follows Fred's example in everything.,He,influences him hugely.,"Steve,Fred",1,steve influences him hugely,fred influences him hugely,False,3,3,
198,The table won't fit through the doorway because,it,is too wide.,"The table,The doorway",0,the table is too wide,the table is too wide,True,3,3,
199,The table won't fit through the doorway because,it,is too narrow.,"The table,The doorway",1,the table is too narrow,the doorway is too narrow,False,3,3,
200,Grace was happy to trade me her sweater for my jacket. She thinks,it,looks dowdy on her.,"The sweater,The jacket",0,the sweater looks dowdy on her,the sweater looks dowdy on her,True,3,3,
201,Grace was happy to trade me her sweater for my jacket. She thinks,it,looks great on her.,"The sweater,The jacket",1,the jacket looks great on her,the jacket looks great on her,True,3,3,
202,John hired Bill to take care of,him,.,"John,Bill",0,john,john,True,3,3,
203,John hired himself out to Bill to take care of,him,.,"John,Bill",1,bill,bill,True,3,3,
204,"John promised Bill to leave, so an hour later",he,left.,"John,Bill",0,john left,john left,True,3,3,
205,"John ordered Bill to leave, so an hour later",he,left.,"John,Bill",1,bill left,bill left,True,3,3,
206,Sam Goodman's biography of the Spartan general Xenophanes conveys a vivid sense of the difficulties,he,faced in his research.,"Goodman,Xenophanes",0,xenophanes faced in his research,goodman faced in his research,False,3,3,
207,Sam Goodman's biography of the Spartan general Xenophanes conveys a vivid sense of the difficulties,he,faced in his childhood.,"Goodman,Xenophanes",1,xenophanes faced in his childhood,xenophanes faced in his childhood,True,3,3,
208,"Emma's mother had died long ago, and",her,education had been managed by an excellent woman as governess.,"Emma,Emma's mother",0,emmas mother education had been managed by an excellent woman as governess,emma education had been managed by an excellent woman as governess,False,3,3,
209,"Emma's mother had died long ago, and",her,place had been taken by an excellent woman as governess.,"Emma,Emma's mother",1,emmas mother place had been taken by an excellent woman as governess,emmas mother place had been taken by an excellent woman as governess,True,3,3,
210,Jane knocked on Susan's door but,she,did not get an answer.,"Jane,Susan",0,jane did not get an answer,jane did not get an answer,True,3,3,
211,Jane knocked on Susan's door but,she,did not answer.,"Jane,Susan",1,susan did not answer,susan did not answer,True,3,3,
212,Joe paid the detective after,he,received the final report on the case.,"Joe,the detective",0,joe received the final report on the case,joe received the final report on the case,True,3,3,
213,Joe paid the detective after,he,delivered the final report on the case.,"Joe,the detective",1,joe delivered the final report on the case,the detective delivered the final report on the case,False,3,3,
214,"Beth didn't get angry with Sally, who had cut her off, because",she,stopped and counted to ten.,"Beth,Sally",0,beth stopped and counted to ten,beth stopped and counted to ten,True,3,3,
215,"Beth didn't get angry with Sally, who had cut her off, because",she,stopped and apologized.,"Beth,Sally",1,sally stopped and apologized,sally stopped and apologized,True,3,3,
216,Jim signaled the barman and gestured toward,his,empty glass,"Jim,The barman",0,jim empty glass,jim empty glass,True,3,3,
217,Jim signaled the barman and gestured toward,his,bathroom key.,"Jim,The barman",1,jim bathroom key,the barman bathroom key,False,3,3,
218,Dan took the rear seat while Bill claimed the front because,his,Dibs! was slow.,"Dan,Bill",0,bill dibs was slow,dan dibs was slow,False,3,3,
219,Dan took the rear seat while Bill claimed the front because,his,Dibs! was quicker.,"Dan,Bill",1,bill dibs was quicker,bill dibs was quicker,True,3,3,
220,"Tom said ""Check"" to Ralph as he moved",his,bishop.,"Tom,Ralph",0,ralph bishop,tom bishop,False,3,3,
221,"Tom said ""Check"" to Ralph as he took",his,bishop.,"Tom,Ralph",1,tom bishop,ralph bishop,False,3,3,
222,"As Andrea in the crop duster passed over Susan,",she,could see the landing strip.,"Andrea,Susan",0,andrea could see the landing strip,andrea could see the landing strip,True,3,3,
223,"As Andrea in the crop duster passed over Susan,",she,could see the landing gear.,"Andrea,Susan",1,andrea could see the landing gear,susan could see the landing gear,False,3,3,
224,Tom gave Ralph a lift to school so,he,wouldn't have to drive alone.,"Tom,Ralph",0,ralph wouldnt have to drive alone,tom wouldnt have to drive alone,False,3,3,
225,Tom gave Ralph a lift to school so,he,wouldn't have to walk.,"Tom,Ralph",1,ralph wouldnt have to walk,ralph wouldnt have to walk,True,3,3,
226,Bill passed the half-empty plate to John because,he,was full.,"Bill,John",0,bill was full,bill was full,True,3,3,
227,Bill passed the half-empty plate to John because,he,was hungry.,"Bill,John",1,john was hungry,john was hungry,True,3,3,
228,Bill passed the gameboy to John because,his,turn was over.,"Bill,John",0,bill turn was over,bill turn was over,True,3,3,
229,Bill passed the gameboy to John because,his,turn was next.,"Bill,John",1,john turn was next,john turn was next,True,3,3,
230,The man lifted the boy onto,his,shoulders.,"The man,The boy",0,the man shoulders,the man shoulders,True,3,3,
231,The man lifted the boy onto,his,bunk bed.,"The man,The boy",1,the mans bunk bed,the boy bunk bed,False,3,3,
232,Stretching,her,"back, the woman smiled at the girl.","The woman,The girl",0,the girl back the woman smiled at the girl,the woman back the woman smiled at the girl,False,3,3,
233,Patting,her,"back, the woman smiled at the girl.","The woman,The girl",1,the girl back the woman smiled at the girl,the girl back the woman smiled at the girl,True,3,3,
234,Billy cried because Toby wouldn't accept,his,toy.,"Billy,Toby",0,billys toy,billy toy,False,3,3,
235,Billy cried because Toby wouldn't share,his,toy.,"Billy,Toby",1,billys toy,toby toy,False,3,3,
236,"Lily spoke to Donna, breaking",her,silence.,"Lily,Donna",0,lily silence,lily silence,True,3,3,
237,"Lily spoke to Donna, breaking",her,concentration.,"Lily,Donna",1,lilys concentration,donna concentration,False,3,3,
238,"When Tommy dropped his ice cream, Timmy giggled, so father gave",him,a sympathetic look.,"Tommy,Timmy",0,timmy a sympathetic look,tommy a sympathetic look,False,3,3,
239,"When Tommy dropped his ice cream, Timmy giggled, so father gave",him,a stern look.,"Tommy,Timmy",1,timmy a stern look,timmy a stern look,True,3,3,
240,"As Ollie carried Tommy up the long winding steps,",his,legs ached.,"Ollie,Tommy",0,ollie legs ached,ollie legs ached,True,3,3,
241,"As Ollie carried Tommy up the long winding steps,",his,legs dangled.,"Ollie,Tommy",1,ollie legs dangled,tommy legs dangled,False,3,3,
242,The father carried the sleeping boy in,his,arms,"The father,The boy",0,the fathers arms,the father arms,False,3,3,
243,The father carried the sleeping boy in,his,bassinet.,"The father,The boy",1,the fathers bassinet,the boy bassinet,False,3,3,
244,The woman held the girl against,her,chest,"The woman,The girl",0,the womans chest,the woman chest,False,3,3,
245,The woman held the girl against,her,will.,"The woman,The girl",1,the girl will,the girl will,True,3,3,
246,"Pam's parents came home and found her having sex with her boyfriend, Paul.",They,were furious about it.,"Pam's parents,Pam and Paul",0,pams parents were furious about it,pams parents were furious about it,True,3,3,
247,"Pam's parents came home and found her having sex with her boyfriend, Paul.",They,were embarrassed about it.,"Pam's parents,Pam and Paul",1,pam and paul were embarrassed about it,pam and paul were embarrassed about it,True,3,3,
248,Dr. Adams informed Kate that,she,had retired and presented several options for future treatment.,"Dr. Adams,Kate",0,dr adams had retired and presented several options for future treatment,dr adams had retired and presented several options for future treatment,True,3,3,
249,Dr. Adams informed Kate that,she,had cancer and presented several options for future treatment.,"Dr. Adams,Kate",1,dr adams had cancer and presented several options for future treatment,kate had cancer and presented several options for future treatment,False,3,3,
250,Dan had to stop Bill from toying with the injured bird.,He,is very compassionate.,"Dan,Bill",0,dan is very compassionate,dan is very compassionate,True,3,3,
251,Dan had to stop Bill from toying with the injured bird.,He,is very cruel.,"Dan,Bill",1,bill is very cruel,bill is very cruel,True,3,3,
252,"George got free tickets to the play, but he gave them to Eric, even though",he,was particularly eager to see it.,"George,Eric",0,eric was particularly eager to see it,george was particularly eager to see it,False,3,3,
253,"George got free tickets to the play, but he gave them to Eric, because",he,was particularly eager to see it.,"George,Eric",1,eric was particularly eager to see it,eric was particularly eager to see it,True,3,3,
254,"George got free tickets to the play, but he gave them to Eric, because",he,was not particularly eager to see it.,"George,Eric",0,george was not particularly eager to see it,george was not particularly eager to see it,True,3,3,
255,Jane gave Joan candy because,she,wasn't hungry.,"Jane,Joan",0,jane wasnt hungry,jane wasnt hungry,True,3,3,
256,Jane gave Joan candy because,she,was hungry.,"Jane,Joan",1,jane was hungry,joan was hungry,False,3,3,
257,"I tried to paint a picture of an orchard, with lemons in the lemon trees,  but",they,came out looking more like light bulbs.,"lemons,lemon trees",0,lemons came out looking more like light bulbs,lemons came out looking more like light bulbs,True,3,3,
258,"I tried to paint a picture of an orchard, with lemons in the lemon trees,  but",they,came out looking more like telephone poles.,"lemons,lemon trees",1,lemons came out looking more like telephone poles,lemon trees came out looking more like telephone poles,False,3,3,
259,James asked Robert for a favor but,he,was refused.,"James,Robert",0,james was refused,james was refused,True,3,3,
260,James asked Robert for a favor but,he,refused.,"James,Robert",1,robert refused,robert refused,True,3,3,
261,Kirilov ceded the presidency to Shatov because,he,was less popular.,"Kirilov,Shatov",0,kirilov was less popular,kirilov was less popular,True,3,3,
262,Kirilov ceded the presidency to Shatov because,he,was more popular.,"Kirilov,Shatov",1,shatov was more popular,shatov was more popular,True,3,3,
263,Emma did not pass the ball to Janie although,she,saw that she was open.,"Emma,Janie",0,emma saw that she was open,emma saw that she was open,True,3,3,
264,Emma did not pass the ball to Janie although,she,was open.,"Emma,Janie",1,emma was open,janie was open,False,3,3,
265,I put the butterfly wing on the table and,it,broke.,"The butterfly wing,The table",0,the butterfly wing broke,the butterfly wing broke,True,3,3,
266,I put the heavy book on the table and,it,broke.,"The heavy book,The table",1,the table broke,the table broke,True,3,3,
267,Madonna fired her trainer because,she,couldn't stand her boyfriend.,"Madonna,The trainer",0,the trainer couldnt stand her boyfriend,madonna couldnt stand her boyfriend,False,3,3,
268,Madonna fired her trainer because,she,slept with her boyfriend.,"Madonna,The trainer",1,the trainer slept with her boyfriend,the trainer slept with her boyfriend,True,3,3,
269,Madonna fired her trainer because she slept with,her,boyfriend.,"Madonna,The trainer",0,the trainer boyfriend,madonna boyfriend,False,3,3,
270,Madonna fired her trainer because she couldn't stand,her,boyfriend.,"Madonna,The trainer",1,the trainer boyfriend,the trainer boyfriend,True,3,3,
271,Carol believed that Rebecca suspected that,she,had stolen the watch.,"Carol,Rebecca",0,rebecca had stolen the watch,carol had stolen the watch,False,3,3,
272,Carol believed that Rebecca regretted that,she,had stolen the watch.,"Carol,Rebecca",1,rebecca had stolen the watch,rebecca had stolen the watch,True,3,3,
273,This book introduced Shakespeare to Ovid; it was a major influence on,his,writing.,"Shakespeare,Ovid",0,ovid writing,shakespeare writing,False,3,3,
274,This book introduced Shakespeare to Goethe; it was a major influence on,his,writing.,"Shakespeare,Goethe",1,goethe writing,goethe writing,True,3,3,
275,This book introduced Shakespeare to Ovid; it was a fine selection of,his,writing.,"Shakespeare,Ovid",1,ovid writing,ovid writing,True,3,3,
276,This book introduced Shakespeare to Goethe; it was a fine selection of,his,writing.,"Shakespeare,Goethe",0,shakespeare writing,shakespeare writing,True,3,3,
277,Alice looked for her friend Jade in the crowd. Since,she,"always has good luck, Alice spotted her quickly.","Alice,Jade",0,alice always has good luck alice spotted her quickly,alice always has good luck alice spotted her quickly,True,3,3,
278,Alice looked for her friend Jade in the crowd. Since,she,"always wears a red turban, Alice spotted her quickly.","Alice,Jade",1,jade always wears a red turban alice spotted her quickly,jade always wears a red turban alice spotted her quickly,True,3,3,
279,"During a game of tag, Ethan chased Luke because",he,"was ""it"".","Ethan,Luke",0,ethan was it,ethan was it,True,3,3,
280,"During a game of tag, Ethan ran from Luke because",he,"was ""it"".","Ethan,Luke",1,ethan was it,luke was it,False,3,3,
281,At the Loebner competition the judges couldn't figure out which respondents were the chatbots because,they,were so stupid.,"the judges,the chatbots",0,the chatbots were so stupid,the judges were so stupid,False,3,3,
282,At the Loebner competition the judges couldn't figure out which respondents were the chatbots because,they,were so advanced.,"the judges,the chatbots",1,the chatbots were so advanced,the chatbots were so advanced,True,3,3,
283,"The user changed his password from ""GrWQWu8JyC"" to""willow-towered Canopy Huntertropic wrestles"" as",it,was easy to forget.,"GrWQWu8JyC,willow-towered Canopy Huntertropic wrestles",0,grwqwu8jyc was easy to forget,grwqwu8jyc was easy to forget,True,3,3,
284,"The user changed his password from ""GrWQWu8JyC"" to""willow-towered Canopy Huntertropic wrestles"" as",it,was easy to remember.,"GrWQWu8JyC,willow-towered Canopy Huntertropic wrestles",1,grwqwu8jyc was easy to remember,willowtowered canopy huntertropic wrestles was easy to remember,False,3,3,
